Japanese,English,Reading
作法,"manners, etiquette, propriety",さほう
様々,"varied, various",さまざま
冷ます,"to cool, to let cool",さます
覚ます,to awaken,さます
冷める,"to become cool, to wear off",さめる
覚める,"to wake, to wake up",さめる
左右,left and right; influence,さゆう
皿,"plate, dish",さら
更に,"furthermore, moreover",さらに
去る,"to leave, to go away",さる
猿,monkey,さる
騒ぎ,"uproar, disturbance",さわぎ
参加,participation,さんか
参考,"reference, consultation",さんこう
賛成,"approval, agreement",さんせい
酸性,acidity,さんせい
酸素,oxygen,さんそ
氏,"family name, lineage",し
詩,poem; poetry,し
幸せ,"happiness, blessing",しあわせ
ジーンズ,jeans,ジーンズ
ジェット機,jet plane,ジェットき
四角,square,しかく
直に,"immediately, readily, directly",じかに
しかも,"moreover, furthermore, besides, plus",しかも
四季,four seasons,しき
直,"immediately, soon, shortly",じき
時期,"time, season, period",じき
支給,"payment, allowance",しきゅう
至急,"urgent, pressing",しきゅう
しきりに,"frequently, repeatedly, eagerly",しきりに
刺激,"stimulus, impetus, incentive",しげき
資源,resources,しげん
事件,"event, affair, incident",じけん
時刻,"time, hour",じこく
自殺,suicide,じさつ
事実,"fact, truth, reality",じじつ
支出,"expenditure, expenses",ししゅつ
事情,"circumstances, situation, reasons",じじょう
詩人,poet,しじん
自身,oneself,じしん
沈む,to sink; to feel depressed,しずむ
自然,"nature, spontaneous",しぜん
思想,"thought, idea",しそう
舌,tongue,した
次第,order; circumstances; immediate(ly),しだい
従う,"to abide (by the rules), to obey",したがう
したがって,"therefore, consequently",したがって
親しい,"intimate, close (e.g., friend)",したしい
質,"quality, nature (of person)",しつ
失業,unemployment,しつぎょう
湿気,"moisture, humidity, dampness",しっけ
実験,lab work; experiment,じっけん
実現,"implementation, materialization, realization",じつげん
実行,"practice, execution (e.g., program), realization",じっこう
実際,in fact; in actuality,じっさい
実施,"enforcement, carry out, operation",じっし
湿度,humidity,しつど
じっと,"patiently, quietly",じっと
実に,"indeed, truly, surely",じつに
実は,actually; in fact,じつは
失望,"disappointment, despair",しつぼう
実力,ability; force,じつりょく
支店,branch store (office),してん
指導,"leadership, guidance, coaching",しどう
自動,"automatic, self-motion",じどう
児童,"children, juvenile",じどう
品,"thing, article, goods",しな
支配,"rule, control, direction",しはい
芝居,"play, drama",しばい
しばしば,"often, again and again, frequently",しばしば
芝生,lawn,しばふ
支払,payment,しはらい
支払う,to pay,しはらう
死亡,death,しぼう
資本,"funds, capital",しほん
姉妹,sisters,しまい
しまった (かん),Damn it!,しまった (かん)
自慢,"pride, boast",じまん
地味,"quiet, plain, conservative",じみ
示す,"to show, to indicate",しめす
占める,to take up; to account for,しめる
湿る,"to be wet, to be damp",しめる
下,"under, below, beneath",しも
霜,frost,しも
借金,"debt, loan, liabilities",しゃっきん
しゃべる,"to talk, to chat, to chatter (same as 話す (はなす))",しゃべる
週,week,しゅう
州,"state, province",しゅう
銃,gun,じゅう
周囲,"surroundings, circumference, environs",しゅうい
収穫,"harvest, crop, ingathering",しゅうかく
宗教,religion,しゅうきょう
重視,"importance, stress",じゅうし
就職,finding employment,しゅうしょく
ジュース,"juice, soft drink; deuce",ジュース
修正,"amendment, correction",しゅうせい
重体,"seriously ill, critical state",じゅうたい
渋滞,"congestion (e.g., traffic), delay",じゅうたい
重大,"serious, important",じゅうだい
住宅,"resident, housing",じゅうたく
集団,"group, mass",しゅうだん
集中,"concentration, focusing the mind",しゅうちゅう
収入,"income, revenue",しゅうにゅう
住民,"inhabitants, residents",じゅうみん
重要,"important, essential",じゅうよう
修理,"repairing, mending",しゅうり
主義,"doctrine, cause, principle",しゅぎ
宿泊,lodging,しゅくはく
手術,surgical operation,しゅじゅつ
首相,Prime Minister,しゅしょう
手段,"means, way, measure",しゅだん
主張,"claim, insistence, assertion",しゅちょう
出場,participation,しゅつじょう
出身,come from,しゅっしん
出版,publication,しゅっぱん
首都,capital city,しゅと
主婦,housewife,しゅふ
主要,"chief, main",しゅよう
需要,demand,じゅよう
種類,"variety, kind",しゅるい
順,"order, turn",じゅん
瞬間,"moment, second",しゅんかん
順調,doing well,じゅんちょう
順番,"turn (in line), order of things",じゅんばん
使用,"use (same as 使うこと (つかうこと)), application, employment, utilization",しよう
小,small,しょう
章,"chapter, section; medal",しょう
賞,"prize, award",しょう
上,first volume; superior quality; governmental,じょう
障害,"obstacle, impediment",しょうがい
奨学金,scholarship,しょうがくきん
乗客,passenger,じょうきゃく
上京,proceeding to the capital (Tokyo),じょうきょう
状況,"state of affairs, situation",じょうきょう
条件,"conditions, terms",じょうけん
正午,"noon, mid-day",しょうご
正直,"honesty, integrity, frankness",しょうじき
常識,common sense,じょうしき
少女,young girl,しょうじょ
少々,a little; short (time) (formal for 少し (すこし)),しょうしょう
症状,"symptoms, condition",しょうじょう
生じる,"to occur, to arise, to be generated",しょうじる
状態,"condition, situation",じょうたい
上達,"improvement, advance",じょうたつ
冗談,a joke,じょうだん
上等,"first class, very good",じょうとう
衝突,"collision, conflict",しょうとつ
商人,"trader, shopkeeper, merchant",しょうにん
承認,"recognition, approval",しょうにん
少年,"boys, juveniles",しょうねん
商売,"trade, business, commerce",しょうばい
消費,"consumption, expenditure",しょうひ
商品,"commodity, merchandise",しょうひん
賞品,"prize, trophy",しょうひん
消防,"fire fighting, fire department",しょうぼう
情報,"information, (military) intelligence",じょうほう
証明,"proof, verification",しょうめい
省略,"omission, abbreviation, abridgment",しょうりゃく
女王,queen,じょおう
職,employment,しょく
職業,"occupation, business",しょくぎょう
食卓,dining table,しょくたく
食品,foodstuff,しょくひん
植物,"plant, vegetation",しょくぶつ
食物,"food, foodstuff",しょくもつ
食欲,appetite (for food),しょくよく
食料,food,しょくりょう
食糧,"provisions, rations",しょくりょう
書斎,"study, den",しょさい
女子,"woman, girl",じょし
助手,"helper, assistant",じょしゅ
徐々に,"slowly, little by little",じょじょに
署名,signature,しょめい
書物,books,しょもつ
女優,actress,じょゆう
処理,"processing, treatment, disposition",しょり
書類,"documents, official papers",しょるい
知らせ,notice,しらせ
尻,"buttocks, bottom",しり
知合い,acquaintance,しりあい
印,mark; symbol; evidence,しるし
城,castle,しろ
進学,going on to university,しんがく
神経,"nerve, sensitivity",しんけい
真剣,"seriousness, earnestness",しんけん
信仰,"(religious) faith, belief",しんこう
信号,"traffic lights, signal, semaphore",しんごう
人工,"artificial, man made, human work,",じんこう
深刻,serious,しんこく
診察,medical examination (of a patient),しんさつ
人種,race (of people),じんしゅ
信じる,to believe,しんじる
人生,"(human) life (e.g., conception to death)",じんせい
親戚,relative(s),しんせき
新鮮,fresh,しんせん
心臓,heart,しんぞう
身体,the body,しんたい
身長,"height (of body), stature",しんちょう
慎重,"careful, prudent, cautious",しんちょう
審判,"umpire, referee, judgment",しんぱん
人物,"character, personality, talented man",じんぶつ
進歩,"improvement, progress, development",しんぽ
親友,"close friend, buddy",しんゆう
信用,"confidence, dependence",しんよう
信頼,"reliance, trust, confidence",しんらい
心理,mentality,しんり
人類,"mankind, humanity",じんるい
巣,"nest, breeding place",す
酢,vinegar,す
図,"figure, drawing, illustration",ず
水準,"level, standard",すいじゅん
推薦,recommendation,すいせん
スイッチ,switch,スイッチ
睡眠,sleep,すいみん
数,"number, figure",すう
数字,"numeral, figure",すうじ
スープ,(Western) soup,スープ
末,"the end of, powder",すえ
姿,"figure, shape, appearance",すがた
スキー,ski,スキー
救う,"to rescue from, to help out of",すくう
すくなくとも,at least,すくなくとも
優れる,"to surpass, to outstrip, to excel",すぐれる
スケート,"skate(s), skating",スケート
スケジュール,schedule,スケジュール
少しも,"anything of, not one bit",すこしも
過ごす,"to pass, to spend (time)",すごす
筋,"muscle, string, line",すじ
進める,"to advance, to promote, to hasten",すすめる
勧める,"to urge (someone) to do (something), to recommend",すすめる
スター,star,スター
スタイル,style,スタイル
スタンド,stand,スタンド
頭痛,headache,ずつう
ずっと,for a long time; all the time; consecutively,ずっと
すっぱい,"sour, acid",すっぱい
すてき,"lovely, great",すてき
既に,already (same as もう),すでに
すなわち,"that is, namely, e.g.",すなわち
スピーチ,speech,スピーチ
全て,"all, the whole, entirely",すべて
済ませる,to be finished,すませる
角,corner,すみ
墨,ink,すみ
すみません (かん),"sorry, excuse me",すみません (かん)
澄む,"to clear (e.g., weather), to become transparent",すむ
清む,"to clear (e.g., weather), to become transparent",すむ
刷る,to print,する
為る,"to do, to attempt",する
鋭い,"pointed, sharp",するどい
すれ違う,to pass by one another,すれちがう
ずれる,"move, off the point",ずれる
正,"(logical) true, regular",せい
生,birth,せい
性,"sex, gender",せい
姓,"surname, family name",せい
所為,"cause, reason, fault",せい
税,tax,ぜい
性格,"character, personality",せいかく
正確,"accurate, punctuality, exact",せいかく
世紀,century,せいき
請求,"claim, demand, request",せいきゅう
税金,"tax, duty",ぜいきん
清潔,clean,せいけつ
制限,"restriction, restraint, limitation",せいげん
成功,"success, hit",せいこう
正式,"official, formal",せいしき
性質,"nature, property, disposition",せいしつ
精神,"mind, soul, spirit",せいしん
成人,adult,せいじん
精々,"at the most, at best",せいぜい
成績,"grade (i.e., on a test), academic record",せいせき
製造,"manufacture, production",せいぞう
贅沢,"luxury, extravagance",ぜいたく
成長,growth,せいちょう
生長,growth,せいちょう
制度,"system, institution",せいど
青年,"youth, young man",せいねん
生年月日,birth date,せいねんがっぴ
製品,"manufactured goods, finished goods",せいひん
政府,"government, administration",せいふ
生物,"living thing, organism",せいぶつ
生命,life,せいめい
整理,"sorting, arrangement",せいり
咳,cough,せき
石炭,coal,せきたん
責任,"duty, responsibility",せきにん
石油,"oil, petroleum, kerosene",せきゆ
世間,"world, society",せけん
説,theory,せつ
積極的,"positive, active, proactive",せっきょくてき
設計,"plan, design",せっけい
絶対,"definitely, without fail, absoluteness",ぜったい
セット,set,セット
愛,love,あい
相変わらず,"as ever, as usual",あいかわらず
愛情,"love, affection",あいじょう
合図,"sign, signal",あいず
アイスクリーム,ice cream,アイスクリーム
愛する,to love,あいする
相手,partner; addressee; the person you are talking to,あいて
あいにく,unfortunately,あいにく
遭う,"to meet, to encounter (undesirable nuance)",あう
アウト,out,アウト
明かり,"lamplight, light (in general)",あかり
空き,"vacancy, opening, space",あき
明らか,"obvious, clear",あきらか
諦める,"to give up, to abandon",あきらめる
飽きる,"to get tired of, to lose interest in",あきる
握手,handshake,あくしゅ
悪魔,"devil, demon, evil spirit",あくま
明ける,"to dawn, to become daylight",あける
揚げる,"to lift, to fry",あげる
挙げる,"to raise; to list, to cite",あげる
預かる,to keep (something) for (someone),あずかる
預ける,"to give into custody, to deposit",あずける
汗,"sweat, perspiration",あせ
与える,to give,あたえる
温かい,warm,あたたかい
暖まる,to warm up,あたたまる
温まる,"to warm oneself, to get warm",あたたまる
暖める,"to warm (up to someone/something), to heat (up to someone/something)",あたためる
温める,"to warm, to heat",あたためる
辺り,"vicinity, nearby",あたり
当たり前,"usual, common, obvious",あたりまえ
当たる,"to be hit, to be successful",あたる
あちこち,here and there,あちこち
扱う,"to treat, to handle, to deal with",あつかう
集まり,"gathering, meeting, collection",あつまり
当てる,to hit; to apply to,あてる
跡,trace; remains; scar,あと
穴,hole,あな
油,oil,あぶら
脂,fat,あぶら
誤り,error,あやまり
粗,"defect, flaw, fault",あら
嵐,storm,あらし
争う,"to dispute, to argue, to fight",あらそう
新た,"new, fresh",あらた
あらゆる,"all, every",あらゆる
表す,"to express, to show",あらわす
現す,"to show, to appear, to reveal",あらわす
著す,"to write, to publish",あらわす
現れ,"expression, indication, sign",あらわれ
現れる,"to appear (v.i.), to become visible; to express",あらわれる
ありがとう,Thank you,ありがとう
在る; 有る,"to live, to be, to exist",ある
或,"a certain..., some...",ある
あるいは,"or, perhaps",あるいは
アルバム,album,アルバム
泡,"bubble, foam",あわ
合わせる,to combine,あわせる
慌てる,to become confused、to panic,あわてる
哀れ,"helpless, pity, pathetic",あわれ
案,"plan, scheme, proposal",あん
案外,unexpectedly,あんがい
暗記,"memorization, learning by heart",あんき
安定,"stability, equilibrium",あんてい
あんなに,"to that extent, to that degree",あんなに
あんまり,"not very, not much",あんまり
胃,stomach,い
委員,committee member,いいん
意外,"unexpected, surprising",いがい
行き,going,いき
行き,going,ゆき
息,breath,いき
勢い,"force, vigor, momentum",いきおい
生き物,"living thing, creature",いきもの
いけない,"must not do, bad, wrong",いけない
医師,"doctor, physician",いし
意思,"intention, purpose",いし
意志,"will, volition",いし
維持,"maintenance, preservation",いじ
意識,"consciousness, senses",いしき
異常,"strangeness, abnormality, disorder",いじょう
意地悪,"malicious, mean, unkind",いじわる
泉,"spring, fountain",いずみ
いずれ,"where, which, who",いずれ
以前,in the past; before,いぜん
板,"board, plank",いた
偉大,greatness,いだい
抱く,"to hold (v.t.) (written expression), to embrace, to harbor",いだく
いたずら,"trick, practical joke",いたずら
いただきます,expression of gratitude before meals,いただきます
痛み,"pain, ache, sore",いたみ
至る,"to come, to arrive",いたる
市,"market, fair",いち
位置,"place, position",いち
一時,"for a time, temporarily",いちじ
一度に,all at once,いちどに
市場,"market, bazaar",いちば
いつか,"sometime, one day",いつか
一家,"family, clan",いっか
一種,"a species, a kind, a variety",いっしゅ
一瞬,"a moment, an instant",いっしゅん
一生,throughout (one's) life,いっしょう
一層,"much more, still more",いっそう
一体,one object; body; what on earth?; generally,いったい
一致,agreement; conformity,いっち
いつでも,"(at) any time, always",いつでも
いつのまにか,before one knows,いつのまにか
一般,"general, average",いっぱん
一方,on the other hand; meanwhile,いっぽう
いつまでも,"forever, for good, eternally",いつまでも
移動,"migration, movement",いどう
従兄弟,cousin (male),いとこ
従姉妹,cousin (female),いとこ
稲,rice-plant,いね
居眠り,"dozing, nodding off",いねむり
命,life,いのち
違反,"violation (of law), infringement",いはん
衣服,clothes,いふく
居間,living room,いま
今に,"before long, soon",いまに
今にも,"at any time, soon",いまにも
イメージ,one's image,イメージ
否,"no, the noes",いや
以来,"since, henceforth",いらい
依頼,request; dependence,いらい
いらいら,"getting nervous, irritation",いらいら
いらっしゃい,welcome,いらっしゃい
医療,"medical care, medical treatment",いりょう
岩,rock,いわ
祝い,"celebration, festival",いわい
祝う,"to congratulate, to celebrate",いわう
言わば,so to speak,いわば
いわゆる,"the so-called, so-to-speak",いわゆる
インク,ink,インク
印刷,printing,いんさつ
印象,impression,いんしょう
引退,retirement,いんたい
インタビュー,interview,インタビュー
引用,"quotation, citation",いんよう
ウイスキー,whiskey,ウイスキー
上,"upper, outer, surface",うわ
魚,fish,うお
うがい,gargling,うがい
受け取る,"to receive, to get, to accept",うけとる
動かす,"to move, to shift",うごかす
兎,"rabbit, hare",うさぎ
牛,"cattle, cow",うし
失う,"to lose, to part with",うしなう
疑う,"to doubt, to distrust",うたがう
宇宙,"universe, cosmos, space",うちゅう
討つ,"to attack, to avenge",うつ
撃つ,"to attack, to shoot",うつ
うっかり,carelessly; inadvertently,うっかり
映す,"to project, to reflect, to cast (shadow)",うつす
訴える,"to complain, to appeal, to sue (a person)",うったえる
写る,"to be photographed, to be projected",うつる
映る,"to be reflected, to come out (photo)",うつる
うなる,"to groan, to moan",うなる
奪う,"to rob, to deprive",うばう
馬,horse; promoted bishop (in Japanese chess known as shogi),うま
生まれ,"birth, birth-place",うまれ
有無,"yes or no, presence or absence",うむ
梅,"plum, lowest (of a three-tier ranking system)",うめ
埋める,"to bury, to fill up, to fill (a seat, a vacant position)",うめる
裏切る,"to betray, to turn traitor",うらぎる
羨ましい,"envious, enviable",うらやましい
売れる,to be sold,うれる
噂,"rumor, gossip",うわさ
運,"fortune, luck",うん
運転,"operation, driving",うんてん
柄,"handle (of a sword, dagger, etc.), grip",え
永遠,"eternity, perpetuity, immortality",えいえん
永久,"eternity, perpetuity, immortality",えいきゅう
影響,"influence, effect",えいきょう
営業,"business, trade, management",えいぎょう
衛星,satellite,えいせい
栄養,"nutrition, nourishment",えいよう
笑顔,smile (on one's face),えがお
描く,"to draw, to depict, to describe",えがく
餌,"feed, bait",えさ
エネルギー,energy (GER: energie),エネルギー
得る,"to get, to gain, to win, to learn",える
得る,"to get, to gain, to win",うる
円,"circle, yen",えん
延期,"postponement, adjournment",えんき
演技,"acting, performance",えんぎ
援助,"assistance, aid, support",えんじょ
エンジン,engine,エンジン
演説,"speech, address",えんぜつ
演奏,musical performance,えんそう
老い,"old age, the aged",おい
追い付く,"to overtake, to catch up (with)",おいつく
王,king,おう
追う,"to chase, to run after",おう
応援,"aid, assistance, help",おうえん
王様,king,おうさま
王子,prince,おうじ
応じる,"to adapt, to respond, to comply with",おうじる
横断,crossing,おうだん
終える,to finish,おえる
大いに,"much, considerably (same as 大変 (たいへん)), greatly",おおいに
覆う,"to cover, to hide, to conceal",おおう
大家,landlord,おおや
丘,"hill, height",おか
沖,open sea,おき
奥,"interior, inner part",おく
贈る,"to present, to give to, to award to",おくる
起こる,"to occur, to happen",おこる
押える,"to stop, to restrain, to press down",おさえる
幼い,"very young, childish",おさない
収める,"to store to pay, to supply",おさめる
納める,"to store to pay, to supply",おさめる
治める,"to govern, to manage; to subdue",おさめる
お辞儀,bow,おじぎ
お洒落,"smartly dressed, fashion-conscious",おしゃれ
お喋り,"chattering, talk",おしゃべり
汚染,"pollution, contamination",おせん
恐らく,perhaps,おそらく
恐れる,"to fear, to be afraid of",おそれる
恐ろしい,"terrible, dreadful",おそろしい
教わる,to be taught,おそわる
お互い,"mutual, reciprocal, each other",おたがい
穏やか,"calm, gentle, quiet",おだやか
男の人,man,おとこのひと
大人しい,"obedient, docile, quiet",おとなしい
劣る,"to fall behind, to be inferior to",おとる
鬼,"ogre, demon, 'it' (e.g.,in a game of tag)",おに
帯,"band, sash",おび
お昼,"lunch, noon",おひる
オフィス,office,オフィス
溺れる,"to be drowned, to indulge in",おぼれる
お前,"you (sing), presence (of a high personage)",おまえ
おめでとう,"Congratulations!, an auspicious occasion!",おめでとう
お目に掛かる,"meet ~, see ~",おめにかかる
思い付く,"to think of, to hit upon",おもいつく
思い出,"memories, recollections, reminiscence",おもいで
主に,"mainly, primarily",おもに
思わず,"unintentional, spontaneous",おもわず
泳ぎ,swimming,およぎ
およそ,"about, roughly, approximately",およそ
及ぼす,"to exert, to cause, to exercise",およぼす
下す,"to lower, to let go down",おろす
降ろす,"to take down, to launch, to drop",おろす
卸す,"to sell wholesale, grated (vegetables)",おろす
音,"sound, note",おん
恩,"favor, obligation, debt of gratitude",おん
温暖,warmth,おんだん
温度,temperature,おんど
可,passable,か
蚊,mosquito,か
課,"department, division",か
カー,car,カー
カード,"card, curd",カード
貝,"shell, shellfish",かい
害,"harm, damage",がい
会員,"member, the membership",かいいん
絵画,"picture, painting",かいが
海外,"foreign, abroad, overseas",かいがい
会計,"account, finance",かいけい
解決,"settlement, solution, resolution",かいけつ
会合,"meeting, assembly",かいごう
外交,diplomacy,がいこう
開始,"start, commencement, beginning",かいし
解釈,"explanation, interpretation",かいしゃく
外出,"outing, going out",がいしゅつ
改善,"betterment, improvement",かいぜん
快適,"pleasant, agreeable",かいてき
回復,"recovery (from illness), rehabilitation, restoration",かいふく
飼う,to keep; to own (a pet); to raise; to feed,かう
帰す,to send back,かえす
代える,"to exchange, to interchange, to substitute",かえる
替える,"to exchange, to interchange, to substitute",かえる
換える,"to exchange, to interchange, to substitute",かえる
反る,"to warp, to be warped, to curve",かえる
香り,"aroma, fragrance",かおり
画家,painter,がか
抱える,to hold or carry under or in the arms,かかえる
価格,"price, value",かかく
化学,chemistry,かがく
輝く,"to shine, to glitter, to sparkle",かがやく
係,person in charge,かかり
罹る,to suffer from,かかる
限る,"to restrict, to limit, to confine",かぎる
掻く,to scratch,かく
描く,"to draw, to depict, to describe",かく
嗅ぐ,"to sniff, to smell",かぐ
家具,furniture,かぐ
学,"learning, knowledge",がく
額,amount; frame,がく
覚悟,"resolution, resignation, readiness",かくご
確実,"certainty, reliability, soundness",かくじつ
学者,scholar,がくしゃ
学習,"study, learning",がくしゅう
隠す,"to hide, to conceal",かくす
拡大,"magnification, enlargement",かくだい
確認,"affirmation, confirmation",かくにん
学問,"scholarship, study, learning",がくもん
隠れる,"to hide, to be hidden",かくれる
影,"shade, shadow, other side",かげ
陰,"shade, shadow, other side",かげ
欠ける,to be lacking,かける
加減,adjustment; addition and subtraction,かげん
過去,past,かこ
籠,"basket, cage",かご
囲む,"to surround, to encircle",かこむ
火災,"conflagration, fire",かさい
重なる,"to be piled up, lie on top of one another",かさなる
重ねる,"to pile up, to put something on another, to heap up",かさねる
飾り,decoration,かざり
貸し,"loan, lending",かし
菓子,"confectionery, sweet",かし
家事,household matters; housework (same as 家の仕事 (いえのしごと)),かじ
賢い,"wise, clever, smart",かしこい
歌手,singer,かしゅ
数,"number, figure, amount",かず
稼ぐ,"to earn income, to labor",かせぐ
数える,to count,かぞえる
型,"mold, model, style",かた
肩,shoulder,かた
堅い,"hard, firm, solid",かたい
硬い,"hard, firm, solid",かたい
方々,persons,かたがた
片付く,"to put in order, to solve",かたづく
刀,"sword, saber",かたな
語る,"to talk, to tell, to recite",かたる
勝ち,"win, victory",かち
価値,"value, worth, merit",かち
がっかり,"feel disappointed, be dejected, lose heart",がっかり
活気,vigor; liveliness; vitality; energy,かっき
楽器,musical instrument,がっき
学期,term (school),がっき
活動,"action, activity",かつどう
活躍,activity,かつやく
活用,conjugation; practical use,かつよう
仮定,"assumption, supposition, hypothesis",かてい
過程,process,かてい
課程,"course, curriculum",かてい
悲しむ,"to be sad, to mourn for, to regret",かなしむ
必ずしも,"(not) always, (not) necessarily",かならずしも
かなり,"considerably, fairly, quite",かなり
金,"gold, metal; money",かね
鐘,"bell, chime",かね
可能,"possible, practicable, feasible",かのう
株,stock; stump (of tree),かぶ
被る,to wear; to be covered with,かぶる
我慢,"patience, endurance, perseverance",がまん
上,first volume; superior quality; governmental,かみ
神,god,かみ
雷,thunder,かみなり
髪の毛,hair (head),かみのけ
科目,"(school) subject, curriculum, course",かもく
かもしれない,"maybe, perhaps",かもしれない
かゆい,"itchy, itching",かゆい
歌謡,"song, ballad",かよう
空,empty,から
殻,"shell, husk, hull",から
柄,pattern; build; character,がら
刈る,"to cut (hair), to mow (grass), to harvest",かる
河,"river, stream",かわ
皮,"skin, hide, leather",かわ
革,leather,かわ
可愛そう,"poor, pitiable, pathetic",かわいそう
可愛らしい,"lovely, sweet",かわいらしい
乾かす,to dry,かわかす
渇く,to be thirsty,かわく
代る,"to take the place of, to relieve, to be substituted for",かわる
缶,"can, tin",かん
勘,"perception, intuition, the sixth sense",かん
考え,"thinking, thought, ideas",かんがえ
感覚,"sense, sensation",かんかく
間隔,"space, interval, SPC",かんかく
観客,"audience, spectator(s)",かんきゃく
環境,"environment, circumstance",かんきょう
歓迎,"welcome, reception",かんげい
観光,sightseeing,かんこう
観察,"observation, survey",かんさつ
感じ,"feeling, sense, impression",かんじ
感謝,"thanks, gratitude",かんしゃ
患者,patient,かんじゃ
勘定,"calculation, counting, consideration",かんじょう
感情,"emotion(s), feeling(s), sentiment",かんじょう
感じる,"to feel, to sense",かんじる
感心,admiration,かんしん
関心,"concern, interest",かんしん
関する,"to concern, to be related",かんする
完成,"complete, completion; perfection",かんせい
完全,"perfection, completeness",かんぜん
乾燥,"dry, arid, dehydrated",かんそう
感想,"(one's) impressions, (one's) thoughts",かんそう
感動,"being deeply moved, excitement",かんどう
監督,"supervision, control, (movie) director",かんとく
管理,"control, management (e.g., of a business)",かんり
完了,"completion, conclusion",かんりょう
関連,"relation, connection, relevance",かんれん
議員,"member of the Diet, congress, or parliament",ぎいん
記憶,"memory, recollection, remembrance",きおく
気温,temperature (weather - not used for things),きおん
機械,"machine, machinery",きかい
器械,instrument,きかい
議会,"Diet, congress, parliament",ぎかい
期間,"period, term",きかん
機関,"engine; institution, organization",きかん
企業,"industry, business, undertaking",きぎょう
効く,to be effective,きく
期限,"deadline, term",きげん
機嫌,"humor, temper, mood",きげん
気候,climate,きこう
岸,"bank, coast, shore",きし
生地,fabric; dough,きじ
記事,"article, news story",きじ
技師,"engineer, technician",ぎし
記者,reporter,きしゃ
傷,"wound, injury, hurt",きず
期待,"expectation, anticipation, hope",きたい
気体,"vapor, gas",きたい
帰宅,returning home,きたく
貴重,"precious, valuable",きちょう
議長,chairman,ぎちょう
きちんと,"precisely, accurately",きちんと
きつい,"tight, close, intense",きつい
気付く,"to notice, to recognize, to become aware of",きづく
気に入る,"to like, to be please",きにいる
記入,"entry, filling in of forms",きにゅう
記念,"commemoration, memory",きねん
機能,"function, faculty",きのう
気の毒,"pitiful, a pity",きのどく
寄付,"contribution, donation",きふ
希望,"hope, wish, aspiration",きぼう
基本,"basic, basis",きほん
決まり,"settlement, conclusion, rule",きまり
気味,"-like, -looking, -looked",きみ
奇妙,"strange, queer, curious",きみょう
義務,"duty, obligation, responsibility",ぎむ
疑問,"question, problem, doubt",ぎもん
逆,"reverse, opposite",ぎゃく
キャプテン,captain,キャプテン
キャンプ,camp,キャンプ
旧,ex-,きゅう
級,"class, grade, rank",きゅう
球,"globe, sphere, ball",きゅう
休暇,"vacation, holiday, day off",きゅうか
休憩,"rest, break, intermission",きゅうけい
急激,"sudden, precipitous, radical",きゅうげき
吸収,"absorption, suction",きゅうしゅう
救助,"relief, aid, rescue",きゅうじょ
急速,"rapid (e.g., progress)",きゅうそく
休息,"rest, relief, relaxation",きゅうそく
急に,suddenly,きゅうに
給料,"salary, wages",きゅうりょう
器用,"skillful, handy",きよう
教科書,textbook,きょうかしょ
競技,"game, match, contest",きょうぎ
行儀,manners,ぎょうぎ
供給,"supply, provision",きょうきゅう
教授,"teaching, instruction; professor",きょうじゅ
強調,"emphasis, stress, stressed point",きょうちょう
共通,"commonness, mutual",きょうつう
共同,"cooperation, association, collaboration",きょうどう
恐怖,"fear, terror",きょうふ
協力,"cooperation, collaboration",きょうりょく
強力,"powerful, strong",きょうりょく
許可,"permission, approval",きょか
局,"office, bureau, station(TV, radio)",きょく
巨大,"huge, gigantic, enormous",きょだい
嫌う,"to hate, to dislike, to loathe",きらう
霧,"fog, mist",きり
切れ,"cloth, piece, cut",きれ
切れる,"to cut well, to be sharp; to break (off)",きれる
記録,"record, minutes, document",きろく
議論,"argument, discussion, dispute",ぎろん
金,"gold, metal; money",きん
銀,silver,ぎん
禁煙,No Smoking,きんえん
金額,amount of money,きんがく
金庫,"safe, vault",きんこ
禁止,"prohibition, ban",きんし
金銭,"money, cash",きんせん
金属,metal,きんぞく
近代,modern times,きんだい
緊張,"tension, mental strain, nervousness",きんちょう
筋肉,"muscle, sinews",きんにく
金融,"finance, money and banking",きんゆう
句,phrase,く
食う,(male) (vulg.) to eat,くう
偶然,"(by) chance, unexpectedly",ぐうぜん
臭い,"stinky, smelly, bad-smelling",くさい
鎖,chain,くさり
腐る,"to rot, to go bad",くさる
癖,"a habit (often a bad habit), peculiarity",くせ
管,"pipe, tube",くだ
具体,"concrete, tangible, material",ぐたい
下り,down-train (going away from Tokyo),くだり
下る,"to get down, to descend",くだる
苦痛,"pain, agony",くつう
ぐっすり,"sound asleep, fast asleep",ぐっすり
区別,"distinction, differentiation, classification",くべつ
組,"class, team, set",くみ
組合,"association, union",くみあい
組む,to put together,くむ
汲む,"to draw, to scoop, to pump",くむ
酌む,to serve sake,くむ
悔しい,"regrettable, mortifying, vexing",くやしい
位,"grade, rank, about",くらい
暮らし,living; life style,くらし
クラシック,classic(s),クラシック
暮らす,"to live, to get along",くらす
グラス,glass; grass,グラス
グランド,"gland, grand, (electrical) ground",グランド
クリーム,cream,クリーム
繰り返す,"to repeat, to do something over again",くりかえす
クリスマス,Christmas,クリスマス
狂う,"to go mad, to get out of order",くるう
グループ,group,グループ
苦しい,tough; physically strenuous,くるしい
苦しむ,"to suffer, to groan, to be worried",くるしむ
暮れ,"year end,",くれ
苦労,hardship; suffering,くろう
加える,"to append, to sum up, to add (up)",くわえる
咥える,to hold something in the mouth,くわえる
詳しい,detailed; full; accurate,くわしい
加わる,"to join in, to accede to",くわわる
訓,native Japanese reading of a Chinese character,くん
軍,"army, force, troops",ぐん
郡,"country, district",ぐん
軍隊,"army, troops",ぐんたい
訓練,"practice, training",くんれん
下,"under, below, beneath",げ
計,"plan; sum, total",けい
敬意,"respect, honor",けいい
経営,"management, administration",けいえい
景気,"condition, state, business (condition)",けいき
傾向,"tendency, trend, inclination",けいこう
警告,warning,けいこく
計算,"calculation, reckoning",けいさん
掲示,"notice, bulletin",けいじ
刑事,"criminal case, (police) detective",けいじ
芸術,"(fine) art, the arts",げいじゅつ
契約,"contract, compact, agreement",けいやく
経由,"go by the way, via",けいゆ
ケース,case,ケース
ゲーム,game,ゲーム
劇,"drama, play",げき
劇場,"theater, playhouse",げきじょう
化粧,make-up (cosmetic),けしょう
けち,"stinginess, miser",けち
血液,blood,けつえき
結果,"result, consequence",けっか
欠陥,"defect, fault, deficiency",けっかん
結局,"after all, eventually",けっきょく
決心,"determination, resolution",けっしん
欠席,"absence, non-attendance",けっせき
決定,"decision, determination",けってい
欠点,"faults, defect, weakness",けってん
結論,conclusion,けつろん
煙,"smoke, fumes",けむり
蹴る,to kick,ける
券,"ticket, certificate",けん
県,prefecture,けん
見解,"opinion, point of view",けんかい
限界,"limit, bound",げんかい
現金,cash,げんきん
言語,language,げんご
健康,health(y),けんこう
検査,"inspection, examination",けんさ
現在,"now (same as 今 (いま)), present, current",げんざい
現実,reality,げんじつ
現象,phenomenon,げんしょう
現状,"present condition, status quo",げんじょう
建設,"construction, foundation",けんせつ
現代,"today, present-day",げんだい
建築,"construction, architecture",けんちく
見当,"estimate, guess",けんとう
検討,"consideration, examination, investigation",けんとう
現場,"actual spot, scene, field",げんば
憲法,constitution,けんぽう
権利,"right, privilege",けんり
後,"afterwards, since then",ご
碁,Go (board game of capturing territory),ご
恋,"love, tender passion",こい
濃い,"thick (as of color, liquid), dense, strong",こい
恋人,lover; sweetheart; girlfriend,こいびと
幸運,"good luck, fortune",こううん
講演,"lecture, talk",こうえん
効果,"effect, result",こうか
硬貨,coin,こうか
高価,high price,こうか
豪華,"luxurious, gorgeous, extravagance",ごうか
合格,"success, passing (e.g., exam)",ごうかく
交換,"exchange, swap",こうかん
航空,"aviation, flying",こうくう
光景,"scene, spectacle",こうけい
合計,"sum total, total amount",ごうけい
攻撃,"attack, strike, offensive",こうげき
貢献,"contribution, services",こうけん
広告,advertisement,こうこく
交際,"friendship, association, acquaintance",こうさい
校舎,school building,こうしゃ
後者,the latter,こうしゃ
工場,"factory, plant",こうば
公正,"justice, fairness, impartiality",こうせい
構成,"organization, composition",こうせい
高速,"high speed, high gear",こうそく
行動,"action, conduct, behavior",こうどう
強盗,"robbery, burglary",ごうとう
後輩,junior members of a group,こうはい
幸福,"happiness, blessedness",こうふく
公平,"fairness, impartial, justice",こうへい
候補,candidacy,こうほ
考慮,"consideration, taking into account",こうりょ
越える,"to exceed, to cross over, to cross",こえる
超える,"to exceed, to cross over, to cross",こえる
コーチ,coach,コーチ
コード,code; cord; chord,コード
氷,"ice, hail",こおり
凍る,"to freeze, to be frozen over, to congeal",こおる
ゴール,goal,ゴール
誤解,misunderstanding,ごかい
語学,language study,ごがく
呼吸,"breath, respiration",こきゅう
故郷,hometown,こきょう
極,"quite, very",ごく
国語,national language,こくご
国籍,nationality,こくせき
黒板,blackboard,こくばん
克服,"conquest, overcome",こくふく
国民,"national, people, citizen",こくみん
穀物,"grain, cereal, corn",こくもつ
腰,"hip, waist",こし
胡椒,pepper,こしょう
個人,"individual, private person",こじん
越す,"to go over (e.g., with audience)",こす
超す,"to cross, to pass, to tide over",こす
国家,"state, country, nation",こっか
国会,"National Diet, parliament, congress",こっかい
国境,national or state border,こっきょう
骨折,bone fracture,こっせつ
小包,"parcel, package",こづつみ
琴,Japanese harp,こと
異なる,"to differ, to vary",ことなる
諺,"proverb, saying",ことわざ
断る,"to refuse, to decline, to dismiss",ことわる
粉,"flour, powder",こな
好み,"liking, taste, choice",このみ
好む,"to like, to prefer",このむ
こぼす,to spill,こぼす
こぼれる,"to overflow, to spill",こぼれる
塵,"garbage, litter",ごみ
小麦,wheat,こむぎ
ごめんなさい,"I beg your pardon, excuse me, I'm sorry",ごめんなさい
小屋,"hut, cabin, shed",こや
これら,these,これら
殺す,to kill,ころす
転ぶ,"to fall down, to fall over",ころぶ
今回,"now, this time, lately",こんかい
今後,"from now on, hereafter",こんご
混雑,"confusion, congestion",こんざつ
こんなに,"so, like this, in this way",こんなに
困難,"difficulty, distress",こんなん
今日,"today, this day",こんにち
こんにちは,"hello, good day (daytime greeting)",こんにちは
婚約,"engagement, betrothal",こんやく
混乱,"chaos, confusion, mayhem",こんらん
差,"difference, variation",さ
サービス,"service, support system; goods or services without charge",サービス
際,"on the occasion of, circumstances",さい
最高,"highest, supreme, the most",さいこう
財産,"property, fortune, assets",ざいさん
最終,"last, closing",さいしゅう
最中,in the middle of,さいちゅう
最低,"least, lowest, worst",さいてい
才能,"talent, ability",さいのう
裁判,"trial, judgment",さいばん
材料,"ingredients, material",ざいりょう
幸い,fortunately; luckily,さいわい
サイン,autograph; sign; sine,サイン
境,"border, boundary, mental state",さかい
逆らう,"to go against, to oppose, to disobey",さからう
盛り,"helping, serving",さかり
作業,"work, operation, manufacturing",さぎょう
裂く,"to tear, to split",さく
昨,"last (year), yesterday",さく
作品,"work, opus, production",さくひん
作物,"produce (e.g., agricultural), crops",さくもつ
桜,"cherry blossom, cherry tree",さくら
酒,"alcohol, sake",さけ
叫ぶ,"to shout, to cry",さけぶ
避ける,"to avoid (physical contact); to ward off, to avert",さける
支える,"support, hold, sustain",ささえる
刺さる,"to stick, to be stuck",ささる
刺す,"to sting, to bite (e.g., bug), to prick, to stab",さす
指す,"to point,",さす
挿す,"to insert, to put in, to graft",さす
注す,"to pour (drink), to serve (drinks)",さす
射す,"to shine, to strike",さす
座席,seat,ざせき
誘う,"to invite (someone to do something with you); to tempt, to lure",さそう
札,"bill, note",さつ
作家,"author, writer, novelist",さっか
作曲,composition (of music),さっきょく
ざっと,"roughly, in round numbers",ざっと
さっぱり,"feeling refreshed, neat",さっぱり
さて,"well; now (typically used when switching to a new, usually more important topic)",さて
砂漠,desert,さばく
差別,"discrimination, differentiation",さべつ
ママ,Mama,ママ
豆,"beans, peas",まめ
守る,to protect; to abide (by the rules),まもる
迷う,"to be puzzled, to be perplexed, to lose one's way",まよう
丸,"circle, full (month)",まる
円,circle,まる
まるで,just like,まるで
万一,"by some chance, if by any chance",まんいち
満足,satisfaction,まんぞく
身,"body, main part",み
実,"fruit, seed, good result",み
見送り,seeing one off,みおくり
味方,"ally, supporter",みかた
見事,"splendid, magnificent",みごと
ミス,"miss (mistake, error, failure), Miss",ミス
満ちる,"to be full, to mature",みちる
密,"thick, close",みつ
認める,"to recognize, to notice; to approve",みとめる
見舞い,"expression of sympathy, expression of concern",みまい
土産,souvenir,みやげ
都,city; capital,みやこ
妙,"strange, unusual",みょう
明後日,day after tomorrow,みょうごにち
未来,future (life tense),みらい
魅力,"charm, fascination, appeal",みりょく
診る,to examine (a patient),みる
ミルク,milk,ミルク
無,"nothing, naught, zero",む
向かい,"facing, opposite, across",むかい
迎え,"meeting, person sent to pick up an arrival",むかえ
向く,to face,むく
剥く,"to peel, to skin",むく
向ける,"to turn towards, to point",むける
無視,"disregard, ignore",むし
蒸し暑い,"humid, sultry",むしあつい
虫歯,"cavity, tooth decay",むしば
寧ろ,"rather, better, instead",むしろ
蒸す,"to steam, to poultice, to be sultry",むす
結ぶ,"to tie, to bind, to link",むすぶ
無駄,"futility, uselessness",むだ
夢中,"crush, crazy, be hooked on",むちゅう
胸,"breast, chest",むね
無料,"free, no charge",むりょう
芽,sprout,め
明確,"clear, definite",めいかく
名刺,(name) card; business card,めいし
名詞,noun,めいし
命じる,"to order, to command, to appoint",めいじる
名人,"master, expert",めいじん
命令,"order, command, decree",めいれい
迷惑,"trouble, bother, annoyance",めいわく
目上,person of higher status; one's senior,めうえ
飯,"meals, food",めし
滅多に,"rarely (with neg. verb), seldom",めったに
メモ,"memorandum, note",メモ
面,"face, mug, surface, side or facet, corner, page",めん
綿,cotton,めん
免許,"license, permit, certificate",めんきょ
面接,interview,めんせつ
面倒,"trouble, attention",めんどう
メンバー,member,メンバー
申し込む,"to apply for, to make an application",もうしこむ
申し訳,"apology, excuse",もうしわけ
毛布,blanket,もうふ
燃える,to burn,もえる
目的,"purpose, goal, aim",もくてき
目標,"mark, objective, target",もくひょう
文字,"letter (of alphabet), character",もじ
文字,"letter (of alphabet), character",もんじ
もしかすると,"perhaps, maybe, by some chance",もしかすると
もしも,if,もしも
持ち上げる,"to raise, to lift up, to flatter",もちあげる
用いる,"to use, to make use of",もちいる
もったいない,"wasteful; more than one deserves, unworthy of",もったいない
尤も,"quite right, plausible, natural",もっとも
元,"origin, original; former",もと
基,basis,もと
素,prime,もと
戻す,"to restore, to put back, to return",もどす
基づく,"to be grounded on, to be based on",もとづく
求める,"to request, to ask for; to seek, to search for",もとめる
者,person (same as 人 (ひと)),もの
物音,sounds,ものおと
物語,"tale, story, legend",ものがたり
物事,"things, everything",ものごと
燃やす,to burn,もやす
模様,"pattern, figure, design",もよう
文句,a complaint,もんく
やがて,"before long, soon, at length",やがて
役,"role, position",やく
約,"approximately, about, some",やく
訳,translation,やく
訳す,to translate,やくす
役割,"assigning (allotment of) parts, role, duties",やくわり
家賃,rent,やちん
厄介,"trouble, burden, care",やっかい
宿,"inn, lodging",やど
雇う,"to employ, to hire",やとう
屋根,roof,やね
破る,to tear; to violate; to defeat,やぶる
破れる,"to get torn, to wear out",やぶれる
辞める,to retire,やめる
やや,"a little, partially, somewhat",やや
唯一,"only, sole, unique",ゆいいつ
勇気,"courage, bravery, boldness",ゆうき
友好,friendship,ゆうこう
有効,"valid, effectual",ゆうこう
優秀,"superiority, excellence",ゆうしゅう
優勝,"overall victory, championship",ゆうしょう
友情,"friendship, fellowship",ゆうじょう
友人,friend (formal),ゆうじん
有能,"able, capable, efficient",ゆうのう
郵便,"mail, postal service",ゆうびん
ユーモア,humor,ユーモア
有利,"advantageous, better",ゆうり
床,floor,ゆか
愉快,"pleasant, happy",ゆかい
譲る,"to turn over, to assign, to hand over",ゆずる
豊か,"abundant, wealthy, plentiful, rich",ゆたか
茹でる,to boil,ゆでる
許す,"to permit, to allow, to approve",ゆるす
夜,"evening, night",よ
夜明け,"dawn, daybreak",よあけ
酔う,to get drunk,よう
容易,"easy, simple, plain",ようい
容器,"container, vessel",ようき
陽気,"season, weather, cheerfulness",ようき
要求,"request, demand",ようきゅう
用心,"care, precaution, caution",ようじん
様子,"aspect, state, appearance",ようす
要するに,"in a word, after all, in short …",ようするに
要素,element,ようそ
要点,"gist, main point",ようてん
曜日,day of the week,ようび
ヨーロッパ,Europe,ヨーロッパ
予期,"expectation, forecast",よき
横切る,"to cross (e.g., arms), to traverse",よこぎる
汚す,"to pollute, to make dirty",よごす
予算,"estimate, budget",よさん
止す,"to cease, to give up",よす
寄せる,"to collect, to gather, to put aside",よせる
予測,"prediction, estimation",よそく
ヨット,yacht,ヨット
夜中,"midnight, dead of night",よなか
世の中,"society, the world",よのなか
余分,"extra, excess, surplus",よぶん
予報,"forecast, prediction",よほう
予防,"prevention, protection against",よぼう
読み,reading,よみ
嫁,"bride, daughter-in-law",よめ
余裕,excess; surplus,よゆう
より,"twist, ply",より
因る,to come from,よる
喜び,"joy, pleasure, rejoicing",よろこび
よろしく (かん),"best regards, please remember me",よろしく (かん)
四,four,よん
来,next ~,らい～
ライター,lighter; writer,ライター
楽,"comfort, ease",らく
ラケット,racket,ラケット
利益,"profits, gains",りえき
理解,"understanding, comprehension",りかい
陸,"land, shore",りく
利口,"clever, shrewd, bright",りこう
離婚,divorce,りこん
理想,ideal,りそう
率,"rate, ratio, percentage",りつ
留学,studying abroad,りゅうがく
流行,"fashionable, fad, prevailing",りゅうこう
量,"quantity, amount",りょう
寮,"hostel, dormitory",りょう
両替,"change, money exchange",りょうがえ
料金,"fee, charge, fare",りょうきん
例,"instance, example, case",れい
礼,expression of gratitude; bow,れい
例外,exception,れいがい
礼儀,"manners, courtesy, etiquette",れいぎ
冷静,"calm, coolness",れいせい
列,"queue, line, row",れつ
列車,train (ordinary),れっしゃ
レベル,level,レベル
連想,"association (of ideas), suggestion",れんそう
連続,"consecutive, continuity, continuing",れんぞく
老人,"the aged, old person",ろうじん
労働,"labor, work",ろうどう
ロケット,"locket, rocket",ロケット
論じる,"to argue, to discuss",ろんじる
論争,"controversy, dispute",ろんそう
論文,"thesis, paper",ろんぶん
輪,"ring, hoop, circle",わ
ワイン,wine,ワイン
わがまま,"selfishness, egoism, willfulness",わがまま
別れ,"parting, separation, farewell",わかれ
分かれる,"to branch off, to diverge from",わかれる
脇,side,わき
湧く,"to boil, to grow hot",わく
分ける,"to divide, to separate",わける
わざと,on purpose,わざと
僅か,"only, merely, a little",わずか
綿,cotton,わた
話題,"topic, subject",わだい
笑い,"laugh, laughter, smile",わらい
割る,"to divide, to break",わる
悪口,"abuse, insult",わるくち
我々,we,われわれ
湾,"bay, gulf, inlet",わん
椀,bowl,わん
碗,bowl,わん
悪,"evil, vice",あく
当り,"hit, success, reaching the mark",あたり
アップ,up,アップ
宛てる,"to address, to put",あてる
アンケート,"questionnaire (FRE: enquete), survey",アンケート
異,objection,い
意,will,い
医院,"doctor's office (surgery), clinic",いいん
怒り,anger,いかり
粋,"chic, style, purity",いき
意地,"disposition, spirit, obstinacy, appetite",いじ
依然,"still, as yet",いぜん
傷める,"to damage, to impair, to spoil",いためる
炒める,to stir-fry,いためる
一帯,"a region, the whole place",いったい
異動,"a change, transfer",いどう
衣料,clothing,いりょう
渦,swirl,うず
埋まる,"to be buried, to be filled",うまる
産む,"to give birth (v.t.), to deliver, to produce",うむ
縁,"chance, tie, relationship",えん
尾,"tail, ridge",お
負う,"to bear, to owe",おう
遅れ,"delay, lag",おくれ
教え,"teachings, doctrine",おしえ
驚き,"surprise, astonishment, wonder",おどろき
織る,to weave,おる
欠く,"to lack, to crack",かく
角,angle,かく
核,"nucleus, kernel",かく
格,"status, character, case",かく
学歴,academic background,がくれき
駆ける,to run,かける
賭ける,"to bet, to risk, to gamble",かける
課題,"subject, theme, task",かだい
片付け,"tidying up, finishing",かたづけ
加味,"seasoning, flavoring",かみ
借り,"borrowing, debt, loan",かり
狩り,hunting,かり
管,"pipe, tube",かん
～観,"feeling, view",かん
癌,cancer,がん
刊行,"publication, issue",かんこう
慣行,"customary practice, habit, traditional event",かんこう
歓声,"cheer, shout of joy",かんせい
官僚,"bureaucrat, bureaucracy",かんりょう
器官,"organ (of body, instrument)",きかん
季刊,"quarterly (e.g., magazine)",きかん
起源,"origin, beginning, rise",きげん
機構,"mechanism, organization",きこう
築く,"to build, to establish",きずく
規制,regulation,きせい
丘陵,hill,きゅうりょう
協議,"conference, discussion, negotiation",きょうぎ
享受,"enjoyment, being given",きょうじゅ
協調,"co-operation, conciliation, harmony",きょうちょう
切り,"limits, place to leave off",きり
菌,"germ, bacterium",きん
近視,nearsightedness,きんし
苦,"trouble, worry, difficulty",く
群,group,ぐん
刑,"penalty, sentence, punishment",けい
経緯,"sequence of events, course",けいい
計器,"meter, gauge",けいき
契機,"opportunity, chance",けいき
携帯,carrying something; mobile telephone,けいたい
形態,"form, shape, figure",けいたい
血管,blood vessel,けっかん
決行,"doing (with resolve), carrying out (e.g., a plan)",けっこう
件,"matter, case, item",けん
減少,"decrease, reduction, decline",げんしょう
公演,public performance,こうえん
後悔,"regret, repentance",こうかい
航海,"sail, voyage",こうかい
拘束,"restriction, restraint",こうそく
荒廃,ruin,こうはい
降伏,"capitulation, surrender, submission",こうふく
興奮,"excitement, stimulation",こうふん
語句,"words, phrases",ごく
個々,"individual, one by one",ここ
故人,the deceased,こじん
小銭,"coins, small change",こぜに
ことによると,(depending on the circumstances),ことによると
コンテスト,contest,コンテスト
採集,"collecting, gathering",さいしゅう
作,"a work, a harvest",さく
策,"plan, policy",さく
設備,"equipment, device, facilities",せつび
絶滅,"destruction, extinction",ぜつめつ
節約,"economizing, saving",せつやく
攻める,"to attack, to assault",せめる
責める,"to condemn, to blame, to criticize",せめる
善,"good, virtue",ぜん
全,"all, whole, entire",ぜん
全員,all members,ぜんいん
専攻,"major subject, special study",せんこう
全国,"the entire nation, country-wide, nation-wide",ぜんこく
洗剤,detergent,せんざい
先日,"the other day, a few days ago",せんじつ
前者,the former,ぜんしゃ
選手,player selected for a team (usually athletic),せんしゅ
全身,"the whole body, full-length (portrait)",ぜんしん
前進,"advance, drive, progress",ぜんしん
センター,center,センター
全体,"whole, entirety, whatever (is the matter)",ぜんたい
選択,"selection, choice",せんたく
宣伝,"advertisement, publicity",せんでん
象,elephant,ぞう
騒音,noise,そうおん
増加,"increase, addition",ぞうか
操作,"operation, management, processing",そうさ
想像,"imagination, guess",そうぞう
相続,"succession, inheritance",そうぞく
装置,"equipment, installation, apparatus",そうち
相当,"considerably, fairly; worth ~",そうとう
速度,"speed, velocity, rate",そくど
底,"bottom, sole",そこ
そこで,"so (conj.), accordingly",そこで
組織,organization; structure; tissue,そしき
そして,and then,そして
注ぐ,to pour (into),そそぐ
育つ,"to be brought up, to grow (up)",そだつ
そっくり,the splitting image of; entirely,そっくり
そっと,"softly, gently",そっと
袖,sleeve,そで
備える,"to prepare, to furnish, to store",そなえる
具える,to be furnished with,そなえる
そのうえ,"in addition, furthermore",そのうえ
そのうち,"before long, eventually, sooner or later",そのうち
そのまま,"without change, as it is (e.g., now)",そのまま
蕎麦,soba (buckwheat noodles),そば
ソファー,"sofa, couch",ソファー
粗末,"humble, miserable, crude",そまつ
それぞれ,"each, every, respectively",それぞれ
それでも,"but (still), and yet, nevertheless",それでも
それと,and,それと
それとも,"or, or else",それとも
揃う,"to become complete, to be equal",そろう
揃える,"to put things in order, to arrange",そろえる
損,"loss, disadvantage",そん
損害,"damage, loss",そんがい
尊敬,"respect, reverence, honor",そんけい
存在,"existence, being",そんざい
尊重,"respect, esteem, regard",そんちょう
田,rice field,た
他,other (esp. places and things),た
対,"pair, couple, set",たい
大,"big, great",だい
題,"title, subject, theme",だい
体育,"physical education, gymnastics, athletics",たいいく
体温,temperature (body),たいおん
大会,"convention, (big) tournament, mass meeting",たいかい
大気,atmosphere,たいき
代金,"price, cost",だいきん
退屈,"tedium, boring",たいくつ
滞在,"stay, sojourn",たいざい
大使,ambassador,たいし
大した,"significant, great, considerable",たいした
体重,(body) weight,たいじゅう
対象,"target; object (of worship, study, etc.); subject (i.e., of taxation)",たいしょう
対照,"contrast, antithesis, comparison",たいしょう
大臣,cabinet minister,だいじん
対する,"to face, to confront, to oppose",たいする
大戦,"great war, great battle",たいせん
態度,"attitude, manner",たいど
大統領,president,だいとうりょう
大半,"most of, majority, mostly",たいはん
代表,"representative, delegation",だいひょう
大部分,"most part, majority",だいぶぶん
タイプライター,typewriter,タイプライター
逮捕,"arrest, apprehension, capture",たいほ
題名,title,だいめい
ダイヤ,(railway) schedule; diamond,ダイヤ
太陽,sun,たいよう
平ら,"flatness, level, smooth",たいら
代理,"representation, proxy, deputy",だいり
大陸,continent,たいりく
倒す,"to throw down, to beat",たおす
タオル,(hand) towel,タオル
だが,"but, however",だが
互い,"mutual, each other",たがい
高める,"to raise, to lift, to boost",たかめる
宝,treasure,たから
宅,"house, home",たく
炊く,"to boil, to cook",たく
焚く,"to burn, to kindle, to build a fire",たく
抱く,"to embrace, to hug",だく
だけど,however,だけど
たしか,"certain, sure, if I remember correctly",たしか
確かめる,"to ascertain, to make sure",たしかめる
多少,a little (same as 少し (すこし)),たしょう
助かる,to be saved; (something) helps (v.i.),たすかる
助ける,"to help (v.t.), to save, to rescue",たすける
ただ,free of charge; just (~); only (~),ただ
只,"free of charge, mere, only",ただ
唯,"mere, sole, plain",ただ
戦い,"battle, fight",たたかい
戦う,"to fight, to compete, to battle",たたかう
叩く,"to strike, to beat",たたく
直ちに,"at once, immediately",ただちに
畳む,to fold (clothes),たたむ
立ち上がる,to stand up,たちあがる
立場,"standpoint, position, situation",たちば
建つ,"to stand; to be built (v.i.), to erect, to be erected",たつ
経つ,(time) passes,たつ
達する,"to reach, to get to",たっする
唯,"only, just",たった
だって,"but, because, even",だって
たっぷり,"full, in plenty, ample",たっぷり
たとえ,"even if, no matter, though",たとえ
谷,valley,たに
他人,"unrelated person, stranger",たにん
種,seed; material; cause,たね
束,"bunch, bundle",たば
足袋,Japanese socks (with split toe),たび
度,counter for occurrences,たび
旅,"travel, trip, journey",たび
たびたび,"often, repeatedly, frequently",たびたび
玉,"ball, sphere, coin",たま
球,"globe, sphere, ball",たま
弾,"bullet, shot",たま
偶,"even number, couple, friend",たま
騙す,"to trick, to cheat, to deceive",だます
偶々,"unexpectedly, accidentally, by chance",たまたま
たまらない,"intolerable, unbearable, unendurable",たまらない
溜まる,"to collect, to gather, to accumulate",たまる
黙る,to be silent,だまる
試し,"trial, test",ためし
試す,"to attempt, to test",ためす
溜める,"to accumulate, to collect",ためる
便り,"news, correspondence, letter",たより
頼る,"to rely on, to have recourse to, to depend on",たよる
段,"step, stair, grade",だん
単位,"credit (for a course in school); unit, denomination",たんい
単語,word; vocabulary,たんご
男子,young man,だんし
単純,simplicity,たんじゅん
誕生,birth,たんじょう
ダンス,dance,ダンス
団体,"organization, association",だんたい
担当,(in) charge,たんとう
単なる,"mere, simple, sheer",たんなる
単に,"simply, merely",たんに
地,earth,ち
地位,"(social) position, status",ちい
地域,"area, region",ちいき
チーズ,cheese,チーズ
チーム,team,チーム
知恵,"wisdom, wit, intelligence",ちえ
地下,"basement, underground",ちか
違い,"difference, discrepancy",ちがい
違いない,"(phrase) sure, no mistaking it, for certain",ちがいない
近頃,"lately, recently, nowadays",ちかごろ
地球,the earth,ちきゅう
地区,"district, section",ちく
遅刻,"lateness, late coming",ちこく
知事,prefectural governor,ちじ
知識,"knowledge, information",ちしき
父親,father,ちちおや
知能,"intelligence, brains",ちのう
地平線,horizon,ちへいせん
地方,"area, locality, region",ちほう
茶,tea,ちゃ
チャンス,"chance, opportunity",チャンス
ちゃんと,"perfectly, properly, exactly",ちゃんと
中,"inside, middle, among",ちゅう
注,"annotation, explanatory note",ちゅう
中央,"central, center, middle",ちゅうおう
中学,"middle school, junior high school",ちゅうがく
中古,"used, second-hand",ちゅうこ
中止,"suspension, stoppage, discontinuance",ちゅうし
駐車,"parking (e.g., car)",ちゅうしゃ
昼食,lunch (same as 昼ご飯 (ひるごはん)),ちゅうしょく
中心,"center, core",ちゅうしん
注目,"notice, attention, observation",ちゅうもく
注文,"order, request",ちゅうもん
長期,long time period,ちょうき
調査,survey; investigation,ちょうさ
調子,"condition, state, tune, tone",ちょうし
頂上,"top, summit, peak",ちょうじょう
ちょうだい,-- colloquial form of ください; typically used by children or women --,ちょうだい
貯金,(bank) savings,ちょきん
直接,"direct, immediate, firsthand",ちょくせつ
著者,"author, writer",ちょしゃ
散らす,"to scatter, to disperse, to distribute",ちらす
散る,"to fall, to scatter (e.g., blossoms)",ちる
遂に,"finally, at last",ついに
通過,"passage through, passing",つうか
通貨,currency,つうか
通学,commuting to school,つうがく
通勤,commuting to work,つうきん
通行,"passage, passing",つうこう
通じる,"to run to, to lead to, to communicate",つうじる
通信,"correspondence, communications",つうしん
通訳,interpretation; interpreter,つうやく
捕まる,to be arrested; to be caught,つかまる
掴む,"to seize, to catch, to grasp",つかむ
疲れ,"tiredness, fatigue",つかれ
付き合い,socialization; friendship; association,つきあい
付合う,"to associate with, to keep company with, to get on with",つきあう
次々,"in succession, one by one",つぎつぎ
付く,"to adjoin, to be attached, to adhere",つく
就く,"to settle in (place), to take (seat position), to study (under teacher)",つく
突く,"to thrust, to strike; to poke",つく
次ぐ,"to rank next to, to come after",つぐ
注ぐ,to pour (into),つぐ
付ける,"to attach, to join, to add",つける
着ける,"to put on, to wear; to draw up",つける
伝わる,"to be handed down, to be transmitted",つたわる
土,"earth, soil",つち
続き,"sequel, continuation",つづき
包み,"bundle, package",つつみ
勤め,"work, employment",つとめ
務め,duty,つとめ
繋がる,"to be connected to, to be related to",つながる
繋ぐ,"to tie, to fasten, to connect",つなぐ
繋げる,to connect,つなげる
常に,always (same as いつも) (written expression),つねに
翼,wings,つばさ
つまり,namely; in other words; in short,つまり
罪,"crime, fault, indiscretion",つみ
積む,"to pile up, to stack",つむ
詰める,"to pack, to shorten, to work out (details)",つめる
積もる,to pile up,つもる
梅雨,rainy season,つゆ
辛い,"painful, heart-breaking",つらい
釣,fishing,つり
連れ,"companion, company",つれ
出,"outflow, coming (going) out, graduate (of)",で
出会い,"meeting, rendezvous, encounter",であい
出合い,an encounter,であい
出会う,"to meet by chance, to come across, to happen to encounter",であう
提案,"proposal, proposition, suggestion",ていあん
定期,fixed term,ていき
抵抗,"resistance, opposition",ていこう
提出,"presentation, submission, filing",ていしゅつ
停電,failure of electricity,ていでん
程度,"degree, amount, level",ていど
停留所,bus or tram stop,ていりゅうじょ
デート,date (in the sense of 'social engagement' only),デート
敵,"enemy, rival",てき
出来事,"incident happening, event",できごと
適する,"to fit, to suit",てきする
適切,"appropriate, adequate, relevance",てきせつ
適度,moderate,てきど
適用,applying,てきよう
できれば,if possible…,できれば
手品,"conjuring trick, magic",てじな
ですから,therefore,ですから
鉄,iron,てつ
哲学,philosophy,てつがく
手伝い,"help, helper, assistant",てつだい
徹底,"thoroughness, completeness",てってい
鉄道,railway; railroad,てつどう
徹夜,"staying up all night, sleepless night",てつや
手間,"time, labor",てま
デモ,"demo, demonstration",デモ
典型,"type, pattern, archetypal",てんけい
天候,weather,てんこう
電子,electron; electronic,でんし
テント,tent,テント
伝統,"tradition, convention",でんとう
天然,"nature, spontaneity",てんねん
問い,"question, query",とい
党,party (political),とう
塔,"tower, pagoda",とう
答案,"examination paper, examination script",とうあん
同一,"identity, sameness, similarity",どういつ
銅貨,copper coin,どうか
当時,"at that time, in those days (same as そのころ)",とうじ
動詞,verb,どうし
同時,"simultaneous(ly), same time",どうじ
どうしても,"at any cost, no matter what, no matter how hard one tries",どうしても
どうぞよろしく,pleased to meet you,どうぞよろしく
到着,arrival,とうちゃく
道徳,morals,どうとく
投票,"voting, poll",とうひょう
東洋,Orient,とうよう
同様,"identical, same (kind), like",どうよう
童謡,"children's song, nursery rhyme",どうよう
同僚,colleague; co-worker,どうりょう
道路,road,どうろ
通す,"to let pass, to overlook, to continue",とおす
通り過ぎる,"to pass, to pass through",とおりすぎる
都会,city,とかい
溶く,to dissolve (paint),とく
解く,"to unfasten; answer, solve",とく
退く,"to retreat, to recede, to withdraw",どく
毒,"poison, toxicant",どく
得意,"pride, triumph, prosperity",とくい
読書,reading,どくしょ
独身,"single, unmarried",どくしん
特徴,characteristic(s); feature(s); trait(s),とくちょう
特長,"forte, merit",とくちょう
独特,"peculiarity, uniqueness, characteristic",どくとく
独立,"independence (e.g., Ind. Day), self-support",どくりつ
溶ける,"to melt, to thaw, to dissolve",とける
解ける,"to come untied, to come apart",とける
どこか,"somewhere, anywhere",どこか
ところが,"however, while, even if",ところが
ところで,by the way; even if,ところで
登山,mountain-climbing,とざん
都市,"town, city, urban",とし
年月,months and years,としつき
図書,books,としょ
年寄,"old people, the aged",としより
閉じる,"to close (e.g., book, eyes), to shut",とじる
途端,"just (now, at the moment, etc.)",とたん
土地,"plot of land, lot, soil",とち
突然,"abruptly, suddenly, unexpectedly",とつぜん
トップ,top,トップ
届く,to reach,とどく
とにかく,"anyhow, at any rate, anyway",とにかく
飛ばす,"to skip over, to omit",とばす
飛び出す,"to jump out, to rush out, to fly out",とびだす
留める,"to fasten, to turn off, to detain",とめる
泊める,to have someone stay (over night) (v.t.),とめる
友,"friend, companion, pal",とも
共に,"sharing with, participate in",ともに
虎,tiger,とら
ドライブ,"drive, driving",ドライブ
トラック,truck; (running) track,トラック
ドラマ,drama,ドラマ
トランプ,playing cards (lit: trump),トランプ
取り上げる,"to take up, to pick up; to confiscate",とりあげる
努力,"great effort, exertion, endeavor",どりょく
トレーニング,training,トレーニング
ドレス,dress,ドレス
取れる,"to come off, to be taken off",とれる
泥,mud,どろ
トン,ton (1000 lbs.),トン
とんでもない,"outrageous, No way!",とんでもない
どんなに,"how, how much",どんなに
トンネル,tunnel,トンネル
名,"name, reputation",な
内容,"subject, contents, detail",ないよう
なお,"still, yet",なお
仲,"relation, relationship",なか
流す,"to drain, to float, to shed (e.g., blood, tears)",ながす
半ば,"middle, halfway",なかば
仲間,"company, fellow, colleague, associate",なかま
中身,content(s); substance,なかみ
中味,"contents, interior, filling",なかみ
眺め,scene; view; prospect; outlook,ながめ
眺める,"to view, to gaze at",ながめる
流れ,"stream, current",ながれ
流れる,"to flow, to be washed away",ながれる
亡くす,to lose someone,なくす
殴る,to strike; to hit; to punch,なぐる
無し,without,なし
なぜなら,because,なぜなら
謎,"riddle, puzzle, enigma",なぞ
納得,"consent, assent, understanding",なっとく
何か,something,なにか
なにも,nothing,なにも
鍋,"saucepan, pot",なべ
生,"raw, unprocessed",なま
怠ける,"to be idle, to neglect",なまける
波,wave,なみ
涙,tear,なみだ
悩む,"to agonize, to be troubled",なやむ
鳴らす,"to ring, to sound",ならす
為る,"to change, to be of use, to reach to",なる
生る,to bear fruit,なる
馴れる,"to become domesticated, to become tame",なれる
縄,rope,なわ
何で,"Why, What for",なんで
何でも,"by all means, everything",なんでも
何とか,"somehow, anyhow, one way or another",なんとか
似合う,"to suit (a person), to match (clothing), (something) becomes (someone)",にあう
煮える,"to boil, to cook, to be cooked",にえる
苦手,"poor (at), weak (in), dislike (of)",にがて
握る,"to grasp, to seize, to mold sushi",にぎる
日,day,にち
日常,"ordinary, regular, everyday",にちじょう
日光,sunlight,にっこう
日中,"daytime, broad daylight",にっちゅう
にっこり,"smile sweetly, smile, grin",にっこり
日本,Japan,にっぽん
日本,Japan,にほん
入場,"entrance, admission, entering",にゅうじょう
煮る,"to boil, to cook",にる
人気,popularity,にんき
人間,"human being, person",にんげん
抜く,"to extract, to omit, to unplug",ぬく
抜ける,"to come out, to fall out, to be omitted",ぬける
布,cloth,ぬの
濡らす,"to wet, to soak",ぬらす
根,root,ね
値,"value, price, cost",ね
願い,"desire, wish, request",ねがい
願う,"to desire, to wish, to request",ねがう
鼠,"mouse, rat",ねずみ
熱帯,tropics,ねったい
熱中,"enthusiasm, zeal, mania",ねっちゅう
年間,year,ねんかん
年月,months and years,ねんげつ
年中,"whole year, always, everyday",ねんじゅう
年代,"age, era, period",ねんだい
年齢,"age, years",ねんれい
野,field,の
能,"being skilled in, nicely, properly",のう
農家,"farmer, farm family",のうか
農業,agriculture,のうぎょう
農民,"farmers, peasants",のうみん
能力,"ability, faculty",のうりょく
ノー,no,ノー
軒,eaves,のき
残す,"to leave (behind, over), to save, to reserve",のこす
残り,"remaining, left-over",のこり
乗せる,"to place on (something), to take on board",のせる
載せる,to place on (something); to publish,のせる
覗く,"to peek in, to look in",のぞく
除く,"to remove, to exclude, to except",のぞく
望み,"wish, desire, (a) hope",のぞみ
望む,"to desire, to wish for; to view",のぞむ
後,"afterwards, since then",のち
ノック,knock; fungo (baseball),ノック
伸ばす,"to extend, to stretch, to reach out",のばす
延ばす,"to extend, to stretch, to reach out",のばす
伸びる,"to extend, to make progress, to grow",のびる
延びる,to be prolonged,のびる
述べる,"to state, to express, to mention",のべる
上る,"to ascend, to go up, to climb",のぼる
昇る,"to arise, to ascend, to go up",のぼる
載る,"to appear (in print), to be recorded",のる
のんびり,"carefree, at leisure",のんびり
場,"place, field (physics)",ば
はあ (かん),(sigh),はあ (かん)
パーセント,percent,パーセント
灰,ash,はい
梅雨,rainy season,ばいう
バイオリン,violin,バイオリン
ハイキング,hiking,ハイキング
配達,"delivery, distribution",はいたつ
パイプ,pipe; channels official or otherwise,パイプ
俳優,"actor, actress, performer",はいゆう
パイロット,pilot,パイロット
生える,"to grow, to spring up; to cut (teeth)",はえる
墓,"grave, tomb",はか
馬鹿,"fool, idiot",ばか
博士,"doctorate, PhD., doctor",はかせ
計る,"to measure, to weigh, to survey",はかる
量る,"to measure, to weigh, to survey",はかる
測る,"to measure, to weigh, to survey",はかる
掃く,"to sweep, to brush, to gather up",はく
吐く,"to throw up, to vomit",はく
拍手,"clapping hands, applause",はくしゅ
莫大,"enormous, vast",ばくだい
爆発,"explosion, detonation, eruption",ばくはつ
博物館,museum,はくぶつかん
激しい,"violent, vehement, intense",はげしい
はさみ,scissors,はさみ
破産,(personal) bankruptcy,はさん
端,"end (e.g., of street), edge, margin",はし
始まり,"origin, beginning",はじまり
パス,"path, pass (in games)",パス
外す,"to unfasten, to remove",はずす
パスポート,passport,パスポート
外れる,"to be disconnected, to be out (e.g., of gear)",はずれる
旗,flag,はた
肌,skin,はだ
裸,"naked, nude",はだか
畑,"field, patch",はたけ
働き,"work, labor",はたらき
バッグ,bag,バッグ
発見,"discovery, detection, finding",はっけん
発行,issue (publications),はっこう
発車,departure of a vehicle,はっしゃ
発射,"firing, shooting, discharge",はっしゃ
罰する,"to punish, to penalize",ばっする
発達,"development, growth",はったつ
ばったり,(to meet) by chance,ばったり
発展,"development, growth, progress",はってん
発表,announcement; publication; presentation,はっぴょう
発明,invention,はつめい
派手,"showy, flashy, gaudy",はで
話し合う,"to discuss, to talk together",はなしあう
離す,"to part, to separate",はなす
放す,"to separate, to set free",はなす
離れる,"(something, someone) separates; parts from; to be apart",はなれる
放れる,"to leave, to get free, to cut oneself off",はなれる
羽,wing,はね
羽根,feather,はね
幅,"width, breadth",はば
母親,mother,ははおや
省く,"to omit, to eliminate",はぶく
場面,"scene, setting (e.g., of novel)",ばめん
流行る,"to be popular, to come into fashion",はやる
腹,"abdomen, belly, stomach",はら
原,"field, plain",はら
バランス,balance,バランス
針,"needle, hand (e.g., clock)",はり
範囲,"extent, scope, range",はんい
反抗,"opposition, resistance",はんこう
犯罪,crime,はんざい
ハンサム,handsome,ハンサム
反省,"reflection, reconsideration, regret",はんせい
判断,"judgment, decision",はんだん
犯人,"offender, criminal",はんにん
販売,"sale, selling, marketing",はんばい
灯,light,ひ
ビール,beer,ビール
被害,damage,ひがい
比較,comparison,ひかく
ピクニック,picnic,ピクニック
悲劇,tragedy,ひげき
飛行,"aviation, flight",ひこう
膝,"knee, lap",ひざ
非常,"emergency, extraordinary, unusual",ひじょう
美人,beautiful person (woman),びじん
額,"forehead, brow",ひたい
日付,"date, dating",ひづけ
引越し,"moving, changing residence",ひっこし
必死,"desperation, frantic, inevitable result",ひっし
ぴったり,"exactly, neatly, sharp",ぴったり
引っ張る,"to pull, to stretch, to drag",ひっぱる
否定,"negation, denial",ひてい
ビデオ,video tape; VCR,ビデオ
一言,one word,ひとこと
人込み,crowd of people,ひとごみ
等しい,equal,ひとしい
独り,"alone, unmarried",ひとり
一人一人,"one by one, each",ひとりひとり
批判,criticism,ひはん
批評,"criticism, review, commentary",ひひょう
秘密,"secret, secrecy",ひみつ
微妙,"delicate, subtle",びみょう
紐,"string, cord",ひも
冷やす,"to cool, to refrigerate",ひやす
費用,"cost, expense",ひよう
表,"table (e.g., Tab 1), chart, list",ひょう
秒,second (60th min),びょう
評価,"assessment, evaluation",ひょうか
表現,"expression, presentation",ひょうげん
表情,facial expression,ひょうじょう
平等,"equality, impartiality, evenness",びょうどう
評判,"fame, reputation",ひょうばん
表面,"surface, outside, face",ひょうめん
広がる,"to spread (out), to extend, to stretch, to reach to, to get around",ひろがる
広げる,"to spread, to extend, to expand, to enlarge",ひろげる
広める,"to broaden, to propagate",ひろめる
品,"goods; taste, elegance",ひん
瓶,bottle,びん
便,"way, means; flight",びん
ピン,pin,ピン
不,"un(~), non(~), negative prefix",ふ
不,"un(~), non(~), negative prefix",ぶ
無,"nothing, naught, nil, zero",ぶ
分,"dividing, part",ぶ
不安,"anxiety, uneasiness",ふあん
風景,scenery,ふうけい
夫婦,"married couple, husband and wife",ふうふ
笛,"flute, whistle",ふえ
不可,"wrong, bad, impossible",ふか
深まる,to deepen,ふかまる
武器,"weapon, arms",ぶき
拭く,"to wipe, to dry",ふく
服装,"clothes, attire",ふくそう
含む,"to contain, to include",ふくむ
含める,to include,ふくめる
袋,"bag, sack",ふくろ
不幸,"unhappiness, sorrow, misfortune",ふこう
節,"tune, tone, knob",ふし
無事,"safety, peace",ぶじ
不思議,"mystery, curiosity",ふしぎ
不自由,"discomfort, disability, inconvenience",ふじゆう
夫人,"wife, Mrs, madam",ふじん
婦人,woman (same as 女性 (じょせい)、女の人 (おんなのひと)),ふじん
不正,"injustice, unfairness",ふせい
防ぐ,"to defend (against), to protect, to prevent",ふせぐ
不足,"insufficiency, shortage",ふそく
舞台,stage (theater),ぶたい
双子,"twins, a twin",ふたご
再び,"again, once more, a second time",ふたたび
普段,"in everyday situations, usually, ordinarily",ふだん
縁,"edge, rim",ふち
打つ,"to hit, to strike",ぶつ
不通,"blockade, interruption, stoppage",ふつう
物価,(commodity/consumer) prices,ぶっか
ぶつかる,"to strike, to collide with",ぶつかる
ぶつける,"to knock, to strike hard, to hit and attack",ぶつける
物質,"material, substance",ぶっしつ
物理,physics,ぶつり
筆,writing brush,ふで
ふと,"suddenly, accidentally, incidentally",ふと
部分,"portion, section, part",ぶぶん
不平,"complaint, discontent, dissatisfaction",ふへい
不満,"dissatisfaction, discontent, complaints",ふまん
増やす,"to increase (v.t.), to add to",ふやす
殖やす,"to increase, to add to",ふやす
プラス,plus,プラス
プラスチック,plastic,プラスチック
プラン,plan,プラン
不利,"disadvantage, drawback",ふり
振る,"to wave, to shake; to sprinkle; to cast (actor)",ふる
震える,"to shiver, to shake, to quake",ふるえる
ブレーキ,a brake,ブレーキ
触れる,"to touch, to feel, to violate",ふれる
プロ,professional,プロ
分,"dividing, part, segment",ぶん
文,sentence,ぶん
雰囲気,"atmosphere (e.g., musical), mood, ambiance",ふんいき
分析,analysis,ぶんせき
文明,civilization,ぶんめい
分野,"field, sphere",ぶんや
塀,"wall, fence",へい
平均,"equilibrium, balance, average",へいきん
平和,peace,へいわ
別に,"(not) particularly, nothing",べつに
減らす,"to decrease, to diminish",へらす
減る,"to decrease (in size or number), to diminish",へる
ベルト,Belt for western clothes,ベルト
変化,"change, variation, shift",へんか
ペンキ,paint,ペンキ
変更,"change, modification, alteration",へんこう
ベンチ,bench,ベンチ
弁当,box lunch,べんとう
方,side,ほう
法,Act (law: the X Act),ほう
棒,"pole, rod, stick",ぼう
冒険,"risk, venture, adventure",ぼうけん
方向,"direction, course, way",ほうこう
報告,"report, information",ほうこく
宝石,"gem, jewel",ほうせき
包装,"packing, wrapping",ほうそう
豊富,"abundance, plenty",ほうふ
方法,"method, means, technique",ほうほう
方々,"here and there, everywhere",ほうぼう
訪問,"call, visit",ほうもん
吠える,"to bark, to howl",ほえる
ボーイ,porter; boy,ボーイ
ボート,rowing boat,ボート
ホーム,platform; home,ホーム
ボール,ball; bowl,ボール
他,other (esp. places and things),ほか
誇り,pride,ほこり
埃,dust,ほこり
保証,"guarantee, assurance, warranty",ほしょう
保存,"preservation, conservation",ほぞん
歩道,walkway,ほどう
仏,Buddha,ほとけ
骨,bone,ほね
炎,flame,ほのお
頬,cheek (of face),ほほ
頬,cheek (of face),ほお
ほぼ,"almost, roughly",ほぼ
微笑む,to smile,ほほえむ
堀,"moat, canal",ほり
濠,moat,ほり
本当,"truth, reality",ほんと
本人,the person himself,ほんにん
本物,genuine article,ほんもの
ぼんやり,"dim, faint, vague",ぼんやり
間,"space, room, pause",ま
まあ,well (used when making a modest or hesitant statement),まあ
マーケット,market,マーケット
マイク,mic,マイク
迷子,lost (stray) child,まいご
マイナス,minus,マイナス
任せる,"to entrust to another, to leave to",まかせる
巻く,"to wind, to coil, to roll",まく
蒔く,to sow (seeds),まく
撒く,"to scatter, to sprinkle, to sow",まく
幕,"curtain, act (in play)",まく
負け,"defeat, loss",まけ
孫,grandchild,まご
まさか,by no means,まさか
まさに,"correctly, surely",まさに
混ざる,"to be mixed, to mingle with",まざる
交ざる,"to be mixed, to mingle with",まざる
混じる,"to be mixed, to mingle with",まじる
交じる,"to be mixed, to mingle with",まじる
増す,"to increase, to gain",ます
貧しい,"poor, needy",まずしい
マスター,"bar owner, master (e.g., arts, science)",マスター
ますます,"increasingly (same as もっと), more and more",ますます
混ぜる,"to mix, to stir",まぜる
交ぜる,"to be mixed, to be blended with",まぜる
街,"town; street, road",まち
間違い,mistake,まちがい
松,pine tree,まつ
真っ赤,"deep red, flushed (of face)",まっか
全く,"really, completely",まったく
祭,"festival, feast",まつり
まとまる,"to be collected, to be settled, to be in order",まとまる
まとめる,"to put in order, to collect, to bring to a conclusion",まとめる
学ぶ,to learn; to study,まなぶ
真似,"mimicry, imitation, behavior",まね
招く,to invite,まねく
まぶしい,"dazzling, radiant",まぶしい
柵,"fence, paling",さく
裂ける,"to split, to tear, to burst",さける
裁く,to judge,さばく
酸化,oxidation,さんか
死,"death, decease",し
資格,"qualifications, requirements, capabilities",しかく
視覚,"sense of sight, vision",しかく
指揮,"command, direction",しき
磁気,magnetism,じき
磁器,"porcelain, china",じき
自己,"self, oneself",じこ
字体,"font, lettering",じたい
辞退,refusal,じたい
視点,"opinion, point of view, visual point",してん
脂肪,"fat, grease",しぼう
志望,"wish, desire, ambition",しぼう
衆,"masses, people",しゅう
住,"dwelling, living",じゅう
修飾,ornamentation; modification (gram),しゅうしょく
私用,"personal use, private business",しよう
仕様,"way, method, specification",しよう
情,"feelings, emotion, passion",じょう
生涯,one's lifetime,しょうがい
上司,one's superior,じょうし
正体,"natural shape, one's true colors, true character",しょうたい
照明,illumination,しょうめい
女史,Ms.,じょし
助詞,"(gram) particle(s), postposition",じょし
ショック,shock,ショック
進行,advance,しんこう
新興,"rising, developing, emergent",しんこう
振興,"promotion, encouragement",しんこう
申告,"report, statement",しんこく
真理,truth,しんり
水洗,flushing,すいせん
ストレス,stress,ストレス
擦る,"to rub, to chafe",する
正規,"regular, legitimate",せいき
精巧,"elaborate, delicate, exquisite",せいこう
精算,"exact calculation, adjustment",せいさん
成年,"majority, adult age",せいねん
声明,"declaration, statement, proclamation",せいめい
姓名,full name,せいめい
生理,"physiology, menses",せいり
節,"when, if; section; clause",せつ
膳,"(small) table, tray, meal",ぜん
禅,Zen (Buddhism),ぜん
選挙,election,せんきょ
先行,"preceding, going first",せんこう
選考,"selection, screening",せんこう
相,"aspect, phase, countenance",そう
沿う,"to run along, to follow",そう
添う,"to accompany, to comply with",そう
僧,"monk, priest",そう
像,"statue, image",ぞう
捜査,"search (esp. in criminal investigations, investigation)",そうさ
操縦,"management, control, manipulation",そうじゅう
創造,creation,そうぞう
隊,"party, troops",たい
退学,dropping out of school,たいがく
タイトル,title,タイトル
ダウン,down,ダウン
高まる,to rise; to grow; to mount (v.i.),たかまる
断つ,"to sever, to cut off",たつ
盾,shield,たて
例え,example; even though,たとえ
チャイム,chime,チャイム
挑戦,"challenge, defiance",ちょうせん
治療,medical treatment,ちりょう
対,"pair, couple, set",つい
接ぐ,to join; to piece together; to set (bones); to graft (trees),つぐ
継ぐ,to succeed (someone in a business or inheritance,つぐ
摘む,"to pluck, to pick, to trim",つむ
露,dew,つゆ
強まる,"to get strong, to gain strength",つよまる
強める,"to strengthen, to emphasize",つよめる
データ,data,データ
デザイン,design,デザイン
デザート,dessert,デザート
転校,change schools,てんこう
伝言,verbal message,でんごん
と,and,と
問う,"to ask, to question",とう
棟,ridge (of roof,とう
倒産,"(corporate) bankruptcy, insolvency",とうさん
同士,"one another, companion, comrade",どうし
同志,"same mind, comrade, kindred soul",どうし
当然,obvious; natural,とうぜん
動揺,"disturbance, flutter shock",どうよう
説く,"to explain, to advocate",とく
綴じる,"to bind, to file",とじる
供,"accompanying, attendant, companion, retinue",とも
並,"medium (e.g., food serving size, quality, price, etc.), ordinary",なみ
慣らす,to accustom,ならす
馴らす,"to domesticate, to tame",ならす
難,"difficulty, hardships, defect",なん
音,"sound, note",ね
年鑑,yearbook,ねんかん
脳,"brain, memory",のう
臨む,"to look out on, to face, to attend (function)",のぞむ
肺,lung,はい
～敗,"counter for loss, defeat",はい
映える,"to shine, to look attractive, to look pretty",はえる
諮る,"to consult with, to confer",はかる
図る,"to plot, to attempt, to devise, to design, to refer A to B",はかる
生やす,"to grow, to cultivate, to wear beard",はやす
班,"group, party, section (mil)",はん
判,size (of paper or books),はん
版,edition,はん
碑,stone monument bearing an inscription,ひ
非行,"delinquency, misconduct",ひこう
票,"label, ballot, sign",ひょう
広まる,"to spread, to be propagated",ひろまる
深める,"to deepen, to heighten, to intensify",ふかめる
福,good fortune,ふく
振り,"style, manner",ふり
経る,"to pass, to elapse, to experience",へる
保護,"care, protection, shelter",ほご
保障,"guarantee, security, warranty",ほしょう
補償,"compensation, reparation",ほしょう
ほっと,feel relieved,ほっと
前もって,"in advance, beforehand, previously",まえもって
膜,"membrane, film",まく
マスコミ,mass communication,マスコミ
股,"thigh, crotch",また
末,the end of,まつ
マッサージ,massage,マッサージ
見掛ける,"to (happen to see), to notice, to catch sight of",みかける
捲る,"to turn over, to turn pages of a book",めくる
メッセージ,message,メッセージ
野党,opposition party,やとう
優,"superiority, high grade",ゆう
有機,organic,ゆうき
世,"world, society, generation",よ
良い,"good, nice",よい
予想,"expectation, anticipation, prediction",よそう
弱まる,"to weaken, to be emaciated, to be dejected",よわまる
弱める,to weaken,よわめる
ラベル,label,ラベル
ルール,rule,ルール
枠,"frame, slide",わく
